{"cameraMode":{"drawMode":0,"name":"Shaded","section":"Shading Mode"},"sceneLighting":true,"audioPlay":false,"sceneViewState":{"showFog":false,"showMaterialUpdate":false,"showSkybox":true,"showFlares":false,"showImageEffects":false,"showParticleSystems":false},"in2DMode":false,"pivot":{"x":45.66600036621094,"y":-18.87640953063965,"z":-14.12331771850586},"rotation":{"x":-0.11896934360265732,"y":0.8803939819335938,"z":-0.3419704735279083,"w":-0.3062826097011566},"size":170.6193389892578,"orthographic":false}