{"cameraMode":{"drawMode":0,"name":"Shaded","section":"Shading Mode"},"sceneLighting":true,"audioPlay":false,"sceneViewState":{"showFog":false,"showMaterialUpdate":false,"showSkybox":true,"showFlares":false,"showImageEffects":false,"showParticleSystems":false},"in2DMode":false,"pivot":{"x":-122.32487487792969,"y":-31.21776008605957,"z":-165.85635375976563},"rotation":{"x":-0.033416781574487689,"y":0.9195845723152161,"z":-0.08019810169935227,"w":-0.3831655979156494},"size":202.32533264160157,"orthographic":false}