{"cameraMode":{"drawMode":0,"name":"Shaded","section":"Shading Mode"},"sceneLighting":true,"audioPlay":false,"sceneViewState":{"showFog":false,"showMaterialUpdate":false,"showSkybox":true,"showFlares":false,"showImageEffects":false,"showParticleSystems":false},"in2DMode":false,"pivot":{"x":-2.5597987174987795,"y":-6.118476867675781,"z":-193.0258026123047},"rotation":{"x":-0.3114544153213501,"y":0.15164971351623536,"z":-0.050421588122844699,"w":-0.9367263317108154},"size":80.7984848022461,"orthographic":false}