{"cameraMode":{"drawMode":0,"name":"Shaded","section":"Shading Mode"},"sceneLighting":true,"audioPlay":false,"sceneViewState":{"showFog":false,"showMaterialUpdate":false,"showSkybox":true,"showFlares":false,"showImageEffects":false,"showParticleSystems":false},"in2DMode":false,"pivot":{"x":-156.1491241455078,"y":18.062679290771486,"z":-113.1251449584961},"rotation":{"x":-0.09840766340494156,"y":0.2552643418312073,"z":-0.026125183328986169,"w":-0.9614954590797424},"size":78.61632537841797,"orthographic":false}