{"cameraMode":{"drawMode":0,"name":"Shaded","section":"Shading Mode"},"sceneLighting":true,"audioPlay":false,"sceneViewState":{"showFog":false,"showMaterialUpdate":false,"showSkybox":true,"showFlares":false,"showImageEffects":false,"showParticleSystems":false},"in2DMode":false,"pivot":{"x":-142.9775390625,"y":-24.386730194091798,"z":-146.73333740234376},"rotation":{"x":-0.033416781574487689,"y":0.9195845723152161,"z":-0.08019810169935227,"w":-0.3831655979156494},"size":244.7357940673828,"orthographic":false}