{"cameraMode":{"drawMode":0,"name":"Shaded","section":"Shading Mode"},"sceneLighting":true,"audioPlay":false,"sceneViewState":{"showFog":false,"showMaterialUpdate":false,"showSkybox":true,"showFlares":false,"showImageEffects":false,"showParticleSystems":false},"in2DMode":false,"pivot":{"x":-680.3738403320313,"y":-273.2546691894531,"z":-948.9385986328125},"rotation":{"x":-0.039501894265413287,"y":0.9371957182884216,"z":-0.11299874633550644,"w":-0.32762035727500918},"size":1320.6627197265625,"orthographic":false}