{"cameraMode":{"drawMode":0,"name":"Shaded","section":"Shading Mode"},"sceneLighting":true,"audioPlay":false,"sceneViewState":{"showFog":false,"showMaterialUpdate":false,"showSkybox":true,"showFlares":false,"showImageEffects":false,"showParticleSystems":false},"in2DMode":false,"pivot":{"x":14.701446533203125,"y":-454.05133056640627,"z":-110.31210327148438},"rotation":{"x":-0.17041203379631043,"y":0.7988226413726807,"z":-0.5120105743408203,"w":-0.26587092876434328},"size":1586.665283203125,"orthographic":false}