{"cameraMode":{"drawMode":0,"name":"Shaded","section":"Shading Mode"},"sceneLighting":true,"audioPlay":false,"sceneViewState":{"showFog":false,"showMaterialUpdate":false,"showSkybox":true,"showFlares":false,"showImageEffects":false,"showParticleSystems":false},"in2DMode":false,"pivot":{"x":308.6289367675781,"y":-952.4962158203125,"z":409.8628234863281},"rotation":{"x":-0.504858672618866,"y":-0.18224263191223145,"z":0.10998450964689255,"w":-0.8365457653999329},"size":1090.1845703125,"orthographic":false}