{"cameraMode":{"drawMode":0,"name":"Shaded","section":"Shading Mode"},"sceneLighting":true,"audioPlay":false,"sceneViewState":{"showFog":false,"showMaterialUpdate":false,"showSkybox":true,"showFlares":false,"showImageEffects":false,"showParticleSystems":false},"in2DMode":false,"pivot":{"x":-41.875,"y":-107.10548400878906,"z":-0.4509391784667969},"rotation":{"x":-0.21916094422340394,"y":0.7800909876823425,"z":-0.43327412009239199,"w":-0.3945886194705963},"size":171.18760681152345,"orthographic":false}