{"cameraMode":{"drawMode":0,"name":"Shaded","section":"Shading Mode"},"sceneLighting":true,"audioPlay":false,"sceneViewState":{"showFog":false,"showMaterialUpdate":false,"showSkybox":true,"showFlares":false,"showImageEffects":false,"showParticleSystems":false},"in2DMode":false,"pivot":{"x":-762.975341796875,"y":-311.5206298828125,"z":-871.1803588867188},"rotation":{"x":-0.039501894265413287,"y":0.9371957182884216,"z":-0.11299874633550644,"w":-0.32762035727500918},"size":1385.1004638671875,"orthographic":false}