{"cameraMode":{"drawMode":0,"name":"Shaded","section":"Shading Mode"},"sceneLighting":true,"audioPlay":false,"sceneViewState":{"showFog":false,"showMaterialUpdate":false,"showSkybox":true,"showFlares":false,"showImageEffects":false,"showParticleSystems":false},"in2DMode":false,"pivot":{"x":-145.6136474609375,"y":-31.404598236083986,"z":-142.322998046875},"rotation":{"x":-0.033416781574487689,"y":0.9195845723152161,"z":-0.08019810169935227,"w":-0.3831655979156494},"size":244.7357940673828,"orthographic":false}