{"cameraMode":{"drawMode":0,"name":"Shaded","section":"Shading Mode"},"sceneLighting":true,"audioPlay":false,"sceneViewState":{"showFog":false,"showMaterialUpdate":false,"showSkybox":true,"showFlares":false,"showImageEffects":false,"showParticleSystems":false},"in2DMode":false,"pivot":{"x":-129.281494140625,"y":-17.43059730529785,"z":-162.2837371826172},"rotation":{"x":-0.033416781574487689,"y":0.9195845723152161,"z":-0.08019810169935227,"w":-0.3831655979156494},"size":283.8372497558594,"orthographic":false}