{"cameraMode":{"drawMode":0,"name":"Shaded","section":"Shading Mode"},"sceneLighting":false,"audioPlay":false,"sceneViewState":{"showFog":true,"showMaterialUpdate":false,"showSkybox":true,"showFlares":true,"showImageEffects":true,"showParticleSystems":true},"in2DMode":false,"pivot":{"x":0.0,"y":0.053548216819763187,"z":0.455105185508728},"rotation":{"x":0.12305860966444016,"y":-0.3458843529224396,"z":-0.04581485316157341,"w":-0.9290433526039124},"size":15.188608169555664,"orthographic":false}