{"cameraMode":{"drawMode":0,"name":"Shaded","section":"Shading Mode"},"sceneLighting":true,"audioPlay":false,"sceneViewState":{"showFog":true,"showMaterialUpdate":false,"showSkybox":true,"showFlares":true,"showImageEffects":true,"showParticleSystems":true},"in2DMode":false,"pivot":{"x":3.9731569290161135,"y":-3.103166103363037,"z":-402.3093566894531},"rotation":{"x":0.12305860966444016,"y":-0.3458843529224396,"z":-0.04581485316157341,"w":-0.9290433526039124},"size":18.412012100219728,"orthographic":false}