{"cameraMode":{"drawMode":0,"name":"Shaded","section":"Shading Mode"},"sceneLighting":true,"audioPlay":false,"sceneViewState":{"showFog":true,"showMaterialUpdate":false,"showSkybox":true,"showFlares":true,"showImageEffects":true,"showParticleSystems":true},"in2DMode":false,"pivot":{"x":146.857421875,"y":-182.53785705566407,"z":-559.2498168945313},"rotation":{"x":-0.7329416275024414,"y":0.09778299182653427,"z":-0.10784894973039627,"w":-0.6645327210426331},"size":189.5750732421875,"orthographic":false}