{"cameraMode":{"drawMode":0,"name":"Shaded","section":"Shading Mode"},"sceneLighting":true,"audioPlay":false,"sceneViewState":{"showFog":true,"showMaterialUpdate":false,"showSkybox":true,"showFlares":true,"showImageEffects":true,"showParticleSystems":true},"in2DMode":false,"pivot":{"x":166.92686462402345,"y":-1.68829345703125,"z":153.97293090820313},"rotation":{"x":-0.3878023624420166,"y":0.10116655379533768,"z":-0.042869169265031818,"w":-0.915170431137085},"size":38.73823547363281,"orthographic":false}