{"cameraMode":{"drawMode":0,"name":"Shaded","section":"Shading Mode"},"sceneLighting":true,"audioPlay":false,"sceneViewState":{"showFog":true,"showMaterialUpdate":false,"showSkybox":true,"showFlares":true,"showImageEffects":true,"showParticleSystems":true},"in2DMode":false,"pivot":{"x":-8.691621780395508,"y":13.548999786376954,"z":-183.44818115234376},"rotation":{"x":-0.3039080798625946,"y":-0.24303850531578065,"z":0.08048921823501587,"w":-0.9176566004753113},"size":47.16437530517578,"orthographic":false}