{"cameraMode":{"drawMode":0,"name":"Shaded","section":"Shading Mode"},"sceneLighting":false,"audioPlay":false,"sceneViewState":{"showFog":true,"showMaterialUpdate":false,"showSkybox":true,"showFlares":true,"showImageEffects":true,"showParticleSystems":true},"in2DMode":false,"pivot":{"x":3.9819846153259279,"y":-3.8432064056396486,"z":-3.752854347229004},"rotation":{"x":-0.049998942762613299,"y":-0.9499219655990601,"z":0.2117326557636261,"w":-0.22431622445583344},"size":18.0307559967041,"orthographic":false}