{"cameraMode":{"drawMode":0,"name":"Shaded","section":"Shading Mode"},"sceneLighting":false,"audioPlay":false,"sceneViewState":{"showFog":true,"showMaterialUpdate":false,"showSkybox":true,"showFlares":true,"showImageEffects":true,"showParticleSystems":true},"in2DMode":false,"pivot":{"x":41.88432312011719,"y":-9.720001220703125,"z":5.282310485839844},"rotation":{"x":-0.37352755665779116,"y":0.0019454819848760963,"z":-0.0007834582356736064,"w":-0.9276167750358582},"size":85.47186279296875,"orthographic":false}