{"cameraMode":{"drawMode":0,"name":"Shaded","section":"Shading Mode"},"sceneLighting":true,"audioPlay":false,"sceneViewState":{"showFog":true,"showMaterialUpdate":false,"showSkybox":true,"showFlares":true,"showImageEffects":true,"showParticleSystems":true},"in2DMode":false,"pivot":{"x":-0.019000666216015817,"y":561.5284423828125,"z":-562.0526733398438},"rotation":{"x":-0.37352755665779116,"y":0.0019454819848760963,"z":-0.0007834582356736064,"w":-0.9276167750358582},"size":1.7260141372680665,"orthographic":false}