{"cameraMode":{"drawMode":0,"name":"Shaded","section":"Shading Mode"},"sceneLighting":false,"audioPlay":false,"sceneViewState":{"showFog":true,"showMaterialUpdate":false,"showSkybox":true,"showFlares":true,"showImageEffects":true,"showParticleSystems":true},"in2DMode":false,"pivot":{"x":13.781221389770508,"y":-4.505549907684326,"z":2.0548477172851564},"rotation":{"x":-0.1345992386341095,"y":-0.5097810626029968,"z":0.0811229795217514,"w":-0.8458282947540283},"size":28.20296859741211,"orthographic":false}