{"cameraMode":{"drawMode":0,"name":"Shaded","section":"Shading Mode"},"sceneLighting":true,"audioPlay":false,"sceneViewState":{"showFog":true,"showMaterialUpdate":false,"showSkybox":true,"showFlares":true,"showImageEffects":true,"showParticleSystems":true},"in2DMode":false,"pivot":{"x":0.727595329284668,"y":3.2248482704162599,"z":200.5354766845703},"rotation":{"x":0.06087805703282356,"y":0.9337690472602844,"z":0.19229573011398316,"w":-0.29562079906463625},"size":17.440410614013673,"orthographic":false}