{"cameraMode":{"drawMode":0,"name":"Shaded","section":"Shading Mode"},"sceneLighting":false,"audioPlay":false,"sceneViewState":{"showFog":true,"showMaterialUpdate":false,"showSkybox":true,"showFlares":true,"showImageEffects":true,"showParticleSystems":true},"in2DMode":false,"pivot":{"x":0.33197593688964846,"y":-0.5273394584655762,"z":-0.8444578647613525},"rotation":{"x":-0.28362607955932619,"y":-0.35615500807762148,"z":0.1144045889377594,"w":-0.8829618096351624},"size":5.474164009094238,"orthographic":false}